"eventId","blockNumber","price","timestamp","transactionHash","sender","receiver","nftId"
148444,16585826,1651.7738845800932,1675880819,"xdf75d52bf07f7a45dc26c3497ef7b3bb108c6d4e4146e2c1d355dc9d4deae71b","xD68FaBB794a04c417b23A82DDaF9eFC49b7D1b4a","xdb5485C85Bd95f38f9def0cA85499eF67dC581c0",4315
148440,16585807,1652.3659341266164,1675880591,"x5dc09fe016c789caca49a415ac58187c51df940341986f9daa3aa5034aabbafe","xDBfD76AF2157Dc15eE4e57F3f942bB45Ba84aF24","xDAFCe4AcC2703A24F29d1321AdAADF5768F54642",8009
148441,16585807,1652.3659341266164,1675880591,"x5dc09fe016c789caca49a415ac58187c51df940341986f9daa3aa5034aabbafe","xDAFCe4AcC2703A24F29d1321AdAADF5768F54642","x1cDbDe9c7B50cE60771422019B34Fe1d55CCD521",8009
148436,16585807,1652.3659341266164,1675880591,"x5dc09fe016c789caca49a415ac58187c51df940341986f9daa3aa5034aabbafe","xDBfD76AF2157Dc15eE4e57F3f942bB45Ba84aF24","xDAFCe4AcC2703A24F29d1321AdAADF5768F54642",8009
148439,16585807,1652.3659341266164,1675880591,"x5dc09fe016c789caca49a415ac58187c51df940341986f9daa3aa5034aabbafe","xDAFCe4AcC2703A24F29d1321AdAADF5768F54642","xDBfD76AF2157Dc15eE4e57F3f942bB45Ba84aF24",8009
148442,16585807,1652.3659341266164,1675880591,"x5dc09fe016c789caca49a415ac58187c51df940341986f9daa3aa5034aabbafe","x1cDbDe9c7B50cE60771422019B34Fe1d55CCD521","xDAFCe4AcC2703A24F29d1321AdAADF5768F54642",8009
148437,16585807,1652.3659341266164,1675880591,"x5dc09fe016c789caca49a415ac58187c51df940341986f9daa3aa5034aabbafe","xDAFCe4AcC2703A24F29d1321AdAADF5768F54642","x7a566F8E3213681FEa94cF22864E560871A5E84c",8009
148438,16585807,1652.3659341266164,1675880591,"x5dc09fe016c789caca49a415ac58187c51df940341986f9daa3aa5034aabbafe","x7a566F8E3213681FEa94cF22864E560871A5E84c","xDAFCe4AcC2703A24F29d1321AdAADF5768F54642",8009
148443,16585807,1652.3659341266164,1675880591,"x5dc09fe016c789caca49a415ac58187c51df940341986f9daa3aa5034aabbafe","xDAFCe4AcC2703A24F29d1321AdAADF5768F54642","xDBfD76AF2157Dc15eE4e57F3f942bB45Ba84aF24",8009
148435,16585792,1656.8592654909596,1675880411,"x6722841eed1cde8e2997d578d441065cdeaea27a21391e4430a44152f366f499","x88485489DA15e0007B3F44EEF761ac37910408e7","xd3Dc20A85f637cCEEb95E0d6F6BBB757E73E236b",731
148433,16585785,1657.1497632172573,1675880327,"x91115118fac8ae4a59c1587dc92324f421bbd6642136ae55697a63ca206d1108","x5f6ac80CdB9E87f3Cfa6a90E5140B9a16A361d5C","x70b97A0da65C15dfb0FFA02aEE6FA36e507C2762",731
148430,16585785,1657.1497632172573,1675880327,"x91115118fac8ae4a59c1587dc92324f421bbd6642136ae55697a63ca206d1108","x8d7B478E1bd0Da449b4dfcd08aE331A52578187f","xDAFCe4AcC2703A24F29d1321AdAADF5768F54642",731
148432,16585785,1657.1497632172573,1675880327,"x91115118fac8ae4a59c1587dc92324f421bbd6642136ae55697a63ca206d1108","xDBfD76AF2157Dc15eE4e57F3f942bB45Ba84aF24","x5f6ac80CdB9E87f3Cfa6a90E5140B9a16A361d5C",731
148431,16585785,1657.1497632172573,1675880327,"x91115118fac8ae4a59c1587dc92324f421bbd6642136ae55697a63ca206d1108","xDAFCe4AcC2703A24F29d1321AdAADF5768F54642","xDBfD76AF2157Dc15eE4e57F3f942bB45Ba84aF24",731
148429,16585785,1657.1497632172573,1675880327,"x91115118fac8ae4a59c1587dc92324f421bbd6642136ae55697a63ca206d1108","xDAFCe4AcC2703A24F29d1321AdAADF5768F54642","x8d7B478E1bd0Da449b4dfcd08aE331A52578187f",731
148434,16585785,1657.1497632172573,1675880327,"x91115118fac8ae4a59c1587dc92324f421bbd6642136ae55697a63ca206d1108","x70b97A0da65C15dfb0FFA02aEE6FA36e507C2762","x88485489DA15e0007B3F44EEF761ac37910408e7",731
148428,16585785,1657.1497632172573,1675880327,"x91115118fac8ae4a59c1587dc92324f421bbd6642136ae55697a63ca206d1108","xDBfD76AF2157Dc15eE4e57F3f942bB45Ba84aF24","xDAFCe4AcC2703A24F29d1321AdAADF5768F54642",731
148424,16585568,1655.5967462663436,1675877555,"x78bf25466b4964b18088b76edc8794bc17a3433eb702743042d8e16cfee4e5f7","xDBfD76AF2157Dc15eE4e57F3f942bB45Ba84aF24","xDAFCe4AcC2703A24F29d1321AdAADF5768F54642",7278
148425,16585568,1655.5967462663436,1675877555,"x78bf25466b4964b18088b76edc8794bc17a3433eb702743042d8e16cfee4e5f7","xDAFCe4AcC2703A24F29d1321AdAADF5768F54642","xb31B2580bED59c62bE6Afe5BC242d3d0C101efD9",7278
148427,16585568,1655.5967462663436,1675877555,"x78bf25466b4964b18088b76edc8794bc17a3433eb702743042d8e16cfee4e5f7","xDAFCe4AcC2703A24F29d1321AdAADF5768F54642","xDBfD76AF2157Dc15eE4e57F3f942bB45Ba84aF24",7278
148426,16585568,1655.5967462663436,1675877555,"x78bf25466b4964b18088b76edc8794bc17a3433eb702743042d8e16cfee4e5f7","xb31B2580bED59c62bE6Afe5BC242d3d0C101efD9","xDAFCe4AcC2703A24F29d1321AdAADF5768F54642",7278
148423,16585561,1655.6512672830747,1675877471,"xf90008542f76b2b69bcbb948d3706f5deb834cb439ec911676f408ad03d74067","x5f6ac80CdB9E87f3Cfa6a90E5140B9a16A361d5C","xDBfD76AF2157Dc15eE4e57F3f942bB45Ba84aF24",7278
148421,16585561,1655.6512672830747,1675877471,"xf90008542f76b2b69bcbb948d3706f5deb834cb439ec911676f408ad03d74067","x3B968D2D299B895A5Fcf3BBa7A64ad0F566e6F88","x70b97A0da65C15dfb0FFA02aEE6FA36e507C2762",7278
148422,16585561,1655.6512672830747,1675877471,"xf90008542f76b2b69bcbb948d3706f5deb834cb439ec911676f408ad03d74067","x70b97A0da65C15dfb0FFA02aEE6FA36e507C2762","x5f6ac80CdB9E87f3Cfa6a90E5140B9a16A361d5C",7278
148420,16585561,1655.6512672830747,1675877471,"xf90008542f76b2b69bcbb948d3706f5deb834cb439ec911676f408ad03d74067","xFD91853C3026357bb8b267b329a489312bB7CcB5","x3B968D2D299B895A5Fcf3BBa7A64ad0F566e6F88",7278
148417,16585550,1655.1540885688567,1675877339,"x3e81cb03602891e35a269ca6644662710340e3e2223e4e4d2dfb4f8769c99c97","xDBfD76AF2157Dc15eE4e57F3f942bB45Ba84aF24","x5f6ac80CdB9E87f3Cfa6a90E5140B9a16A361d5C",7278
148418,16585550,1655.1540885688567,1675877339,"x3e81cb03602891e35a269ca6644662710340e3e2223e4e4d2dfb4f8769c99c97","x5f6ac80CdB9E87f3Cfa6a90E5140B9a16A361d5C","x70b97A0da65C15dfb0FFA02aEE6FA36e507C2762",7278
148419,16585550,1655.1540885688567,1675877339,"x3e81cb03602891e35a269ca6644662710340e3e2223e4e4d2dfb4f8769c99c97","x70b97A0da65C15dfb0FFA02aEE6FA36e507C2762","xFD91853C3026357bb8b267b329a489312bB7CcB5",7278
148416,16585541,1654.310885415541,1675877231,"xc27197a55b59f85d5b7b3f5e1eeba74d7bcac43f9a5ae7e1285e9fea41ce658b","xb36891E560e904943176e40Ce18767590857CB30","x0232d1083E970F0c78f56202b9A666B526FA379F",7114
148413,16585540,1654.3001284542215,1675877219,"x28e40630329685d4b633b215025274b2aa534d81c1be7a35d330efc8bb46fa35","x3B968D2D299B895A5Fcf3BBa7A64ad0F566e6F88","x70b97A0da65C15dfb0FFA02aEE6FA36e507C2762",7278
148412,16585540,1654.3001284542215,1675877219,"x28e40630329685d4b633b215025274b2aa534d81c1be7a35d330efc8bb46fa35","xFD91853C3026357bb8b267b329a489312bB7CcB5","x3B968D2D299B895A5Fcf3BBa7A64ad0F566e6F88",7278
148414,16585540,1654.3001284542215,1675877219,"x28e40630329685d4b633b215025274b2aa534d81c1be7a35d330efc8bb46fa35","x70b97A0da65C15dfb0FFA02aEE6FA36e507C2762","x5f6ac80CdB9E87f3Cfa6a90E5140B9a16A361d5C",7278
148415,16585540,1654.3001284542215,1675877219,"x28e40630329685d4b633b215025274b2aa534d81c1be7a35d330efc8bb46fa35","x5f6ac80CdB9E87f3Cfa6a90E5140B9a16A361d5C","xDBfD76AF2157Dc15eE4e57F3f942bB45Ba84aF24",7278
148408,16585527,1654.1236606040852,1675877063,"xd5a61be91eba7b10996de27793646d4179980b654c968f9cd8d0e3a436ce9213","xDBfD76AF2157Dc15eE4e57F3f942bB45Ba84aF24","xDAFCe4AcC2703A24F29d1321AdAADF5768F54642",252
148409,16585527,1654.1236606040852,1675877063,"xd5a61be91eba7b10996de27793646d4179980b654c968f9cd8d0e3a436ce9213","xDAFCe4AcC2703A24F29d1321AdAADF5768F54642","xf332412AC4f1b29de4fDBbBbAa677f20c3d405b5",252
148410,16585527,1654.1236606040852,1675877063,"xd5a61be91eba7b10996de27793646d4179980b654c968f9cd8d0e3a436ce9213","xf332412AC4f1b29de4fDBbBbAa677f20c3d405b5","xDAFCe4AcC2703A24F29d1321AdAADF5768F54642",252
148411,16585527,1654.1236606040852,1675877063,"xd5a61be91eba7b10996de27793646d4179980b654c968f9cd8d0e3a436ce9213","xDAFCe4AcC2703A24F29d1321AdAADF5768F54642","xDBfD76AF2157Dc15eE4e57F3f942bB45Ba84aF24",252
148407,16585399,1648.4742079860944,1675875527,"x260ff2fd30b0f69ecd5b57f739b92bbd3371fb2afeeea136af9fe5a0a6cd113d","xDAFCe4AcC2703A24F29d1321AdAADF5768F54642","x5e828ff60fE3871F9F156Ff46eb351eD5a17aBB3",5087
148406,16585399,1648.4742079860944,1675875527,"x260ff2fd30b0f69ecd5b57f739b92bbd3371fb2afeeea136af9fe5a0a6cd113d","xDBfD76AF2157Dc15eE4e57F3f942bB45Ba84aF24","xDAFCe4AcC2703A24F29d1321AdAADF5768F54642",5087
148405,16585399,1648.4742079860944,1675875527,"x260ff2fd30b0f69ecd5b57f739b92bbd3371fb2afeeea136af9fe5a0a6cd113d","xDAFCe4AcC2703A24F29d1321AdAADF5768F54642","xDBfD76AF2157Dc15eE4e57F3f942bB45Ba84aF24",5087
148404,16585399,1648.4742079860944,1675875527,"x260ff2fd30b0f69ecd5b57f739b92bbd3371fb2afeeea136af9fe5a0a6cd113d","xe263975ACE97919CeD5A9C37099e38702CBA4636","xDAFCe4AcC2703A24F29d1321AdAADF5768F54642",5087
148403,16585399,1648.4742079860944,1675875527,"x260ff2fd30b0f69ecd5b57f739b92bbd3371fb2afeeea136af9fe5a0a6cd113d","xDAFCe4AcC2703A24F29d1321AdAADF5768F54642","xe263975ACE97919CeD5A9C37099e38702CBA4636",5087
148402,16585399,1648.4742079860944,1675875527,"x260ff2fd30b0f69ecd5b57f739b92bbd3371fb2afeeea136af9fe5a0a6cd113d","xDBfD76AF2157Dc15eE4e57F3f942bB45Ba84aF24","xDAFCe4AcC2703A24F29d1321AdAADF5768F54642",5087
148391,16585183,1646.4154637224856,1675872899,"x658254fc2d04e88bf0bd18f818b8770757e056b329b8874b6daec0f20eb74e89","xDAFCe4AcC2703A24F29d1321AdAADF5768F54642","x4E07eDbAAe2C55BdFB8a87cb0c0490c021bf1A82",9984
148401,16585183,1646.4154637224856,1675872899,"x658254fc2d04e88bf0bd18f818b8770757e056b329b8874b6daec0f20eb74e89","xDAFCe4AcC2703A24F29d1321AdAADF5768F54642","xDBfD76AF2157Dc15eE4e57F3f942bB45Ba84aF24",7170
148390,16585183,1646.4154637224856,1675872899,"x658254fc2d04e88bf0bd18f818b8770757e056b329b8874b6daec0f20eb74e89","xDBfD76AF2157Dc15eE4e57F3f942bB45Ba84aF24","xDAFCe4AcC2703A24F29d1321AdAADF5768F54642",9984
148396,16585183,1646.4154637224856,1675872899,"x658254fc2d04e88bf0bd18f818b8770757e056b329b8874b6daec0f20eb74e89","x1cDbDe9c7B50cE60771422019B34Fe1d55CCD521","xDAFCe4AcC2703A24F29d1321AdAADF5768F54642",8009
148394,16585183,1646.4154637224856,1675872899,"x658254fc2d04e88bf0bd18f818b8770757e056b329b8874b6daec0f20eb74e89","xDBfD76AF2157Dc15eE4e57F3f942bB45Ba84aF24","xDAFCe4AcC2703A24F29d1321AdAADF5768F54642",8009
148388,16585183,1646.4154637224856,1675872899,"x658254fc2d04e88bf0bd18f818b8770757e056b329b8874b6daec0f20eb74e89","x6357b202d7fF780f9A3C39C64d578Ce559F87816","xDAFCe4AcC2703A24F29d1321AdAADF5768F54642",747
148397,16585183,1646.4154637224856,1675872899,"x658254fc2d04e88bf0bd18f818b8770757e056b329b8874b6daec0f20eb74e89","xDAFCe4AcC2703A24F29d1321AdAADF5768F54642","xDBfD76AF2157Dc15eE4e57F3f942bB45Ba84aF24",8009
